LIKES,COMMENTS,CHATS,ROSES
tommy,josh,scott,jake
cain,alex,brayden,josh
alex,caleb,rylan,alex
caleb,gary,crockett,ashten
connor,cameron,merrit,tj
gary,alex,nick,collin
miles,sora,chris,adam
alex,julian,ben,null
sora,will,finn,null
hewitt,pierce,vicente,null
jacob,ken,alec,null
julian,christian,quinn,null
will,jon,matthew,null
pierce,real,ari,null
ken,albert,nick,null
alex,eric,jake,null
jack,kayden,julian,null
christian,tyrese,ilay,null
haize,zach,liam,null
nick,devin,will,null
brian,carter,kamden,null
brent,gabe,null,null
jon,nathan,null,null
caleb,michael,null,null
jack,jacob,null,null
albert,dom,null,null
damian,owen,null,null
sheldon,aj,null,null
erik,brandon,null,null
scott,matt,null,null
brayden,zander,null,null
trip,dane,null,null
brady,kj,null,null
gio,musa,null,null
ed,carlos,null,null
eric,jarod,null,null
kayden,rico,null,null
rishi,david,null,null
mark,null,null,null
chris,null,null,null
tyrese,null,null,null
blake,null,null,null
zack,null,null,null
avery,null,null,null
josh,null,null,null
dailey,null,null,null
easton,null,null,null
will,null,null,null
zach,null,null,null
tristan,null,null,null
sam,sammy,null,null
tayshawn,sam,null,null
kyle,jonah,null,null
abe,abe,dawson,null
christopher,null,null,null
parker,parker,parker,null
gio,null,will,null
victor,null,caleb,null
dj,null,null,null
daniel,null,null,null
jack,null,null,null

