likes,comments,chats,roses
tommy,josh,scott,jake
cain,alex,brayden,josh
alex,caleb,rylan,alex
caleb,gary,crockett,ashten
connor,cameron,merrit,tj
gary,alex,nick,collin
miles,sora,chris,adam
alex,julian,ben
sora,will,finn
hewitt,pierce,vicente
jacob,ken,alec
julian,christian,quinn
will,jon,matthew
pierce,real,ari
ken,albert,nick
alex,eric,jake
jack,kayden,julian
christian,tyrese,ilay
haize,zach,liam
nick,devin,will
brian,carter,kamden
brent,gabe
jon,nathan
caleb,michael
jack,jacob
albert,dom
damian,owen
sheldon,aj
erik,brandon
scott,matt
brayden,zander
trip,dane
brady,kj
gio,musa
ed,carlos
eric,jarod
kayden,rico
rishi,david
mark
chris
tyrese
blake
zack
avery
josh
dailey
easton
will
zach